ID;INV;PCODE;DATE;CATALOG;QTY;custnum
1;2513000;GD3200;17/12/2000;Gardening;3;Rifkin, Mr. Bob
2;2513000;PT1400;6/01/2001;Pets;1;Rifkin, Mr. Bob
3;2513000;PT2000;6/01/2001;Pet;1;Rifkin, Mr. Bob
4;2513000;PT2100;6/01/2001;Pets;1;Rifkin, Mr. Bob
5;2513000;PT2OOO;27/07/2000;Pets;4;Rifkin, Mr. Bob
6;2513000;TY4300;1/09/2000;Tosy;1;Rifkin, Mr. B
7;2638000;PT1200;16/11/2000;Pets;3;Karl, Mr. Adrian
8;2638000;PT1400;25/01/2001;Pets;1;Karl, Mr. Adrian
9;2638000;PT1400;29/05/2001;Pets;2;Karl, Mr. Adrian
10;2638000;SP2300;2/07/2001;Sports;1;Karl, Mr. Adrian
11;2638000;SP2600;8/07/2001;Sports;1;Karl, Mr. Adrian
12;2638000;SP3000;27/08/2000;Sports;1;Karl, Mr. Adrian
13;2638000;TY3500;16/06/2001;Toys;4;Karl, Mr. Adrian
14;2763000;GD2100;2/08/2000;Gardening;1;Artis, Ms. Carol
15;2763000;GD2400;11/11/2000;Gardening;4;Artis, Ms. Carol
16;2763000;SP2300;7/02/2001;Sports;2;Artis, Ms. Carol
17;2763000;SP2700;7/02/2001;Sports;3;Artis, Ms. Carol
18;2763000;SP3100;12/01/2001;Sports;1;Artis, Ms. Carol
19;2763000;TY1650;3/02/2001;Toys;1;Artis, Ms. Carol
20;2763000;TY4200;3/01/2001;Toys;2;Artis, Ms. C.
21;2888000;GD1001;14/08/2000;Gardening;1;Montrose, Ms. Irene
22;2888000;PT1200;1/01/2001;Pets;1;Montrose, Ms. Irene
23;2888000;PT1300;11/10/2000;Pets;1;Montrose, Ms. Irene
24;2888000;SP1400;7/09/2000;Sports;1;Montrose, Ms. Irene
25;2888000;SP2500;7/04/2001;Sports;1;Montrose, Ms. Irene
26;2888000;SP3000;26/03/2001;Sports;2;Montrose, Ms. Irene
27;2888000;TY1400;30/01/2001;Toys;1;Montrose, Ms. Irene
28;2888000;TY4600;30/01/2001;Toys;4;Montrose, Ms. Irene
29;2888000;TY5100;30/01/2001;Toys;1;Montrose, Ms. Irene
30;3013000;GD1500;6/07/2001;Gardening;1;Hawks, Ms. Sue
31;3013000;GD2300;6/07/2001;Gardening;4;Hawks, Ms. Sue
32;3013000;TY1700;7/01/2001;Toys;1;Hawks, Ms. Sue
33;3013000;TY1800;21/09/2000;Toys;1;Hawks, Ms. Sue
34;3013000;TY4100;21/09/2000;Toys;1;Hawks, Ms. Sue
35;3138000;GD1001;13/11/2000;Gardening;2;Brahm, Mr. T. L.
36;3184000;GD16OO;14/11/2000;Gardening;1;Jones, Mr. T. J.
37;3184000;GD2200;14/11/2000;Gardenings;3;Jones, Mr. T. J.
38;3184000;GD3200;14/11/2000;Gardening;1;Jones, Mr. T. J.
39;3184000;PT1300;13/04/2001;Pets;3;Jones, Mr. T. J.
40;3184000;PT1400;26/02/2001;Pets;3;Jones, Mr. T. J.
41;3184000;SP3000;11/01/2001;Sports;1;Jones, Mr. T. J.
42;3184000;SP3000;6/02/2001;Sports;1;Jones, Mr. T. J.
43;3184000;TY1500;2/11/2000;Toys;4;Jones, Mr. T. J.
44;3184000;TY2600;2/11/2000;Toys;2;Jones, Mr. T. J.
45;3184000;TY4500;7/05/2001;Toys;1;Jones, Mr. T. J.
46;3184000;TY5200;2/11/2000;Toys;1;Jones, Mr. T. J.
47;3184000;TY5300;2/11/2000;Toys;2;Jones, Mr. T. J.
48;3263000;PT2300;11/04/2001;Pets;1;Marks, Mr. B. D.
49;3263000;SP3300;7/04/2001;Sports;3;Marks, Mr. B. D.
50;3263000;TY1950;5/07/2000;Toys;4;Marks, Mr. B. D.
51;3273000;GD2000;30/08/2000;Gardening;1;Jones, Ms. Jeannette
52;3273000;PT1200;23/07/2000;Pets;1;Jones, Ms. Jeannette
53;3273000;PT2100;23/07/2000;Pets;2;Jones, Ms. Jeannette
54;3273000;SP3300;20/05/2001;Sports;1;Jones, Ms. Jeannette
55;3273000;TY1300;29/12/2000;Toys;3;Jones, Ms. Jeannette
56;3273000;TY4200;29/12/2000;Toys;1;Jones, Ms. Jeannette
57;3273000;TY5300;29/12/2000;Toys;1;Jones, Ms. Jeannette
58;3388000;GD2000;23/12/2000;Gardening;1;Klingfelt, Ms. Liza
59;3388000;GD2300;9/04/2001;Gardening;1;Klingfelt, Ms. Liza
60;3388000;PT1000;23/12/2000;Pets;1;Klingfelt, Ms. Liza
61;3388000;PT2000;28/12/2000;Pets;1;Klingfelt, Ms. Liza
62;3388000;PT2400;23/12/2000;Pets;4;Klingfelt, Ms. Liza
63;3388000;SP2200;28/06/2001;Sports;1;Klingfelt, Ms. Liza
64;3388000;TY21OO;20/04/2001;Toys;3;Klingfelt, Ms. Liza
65;3388000;TY4100;6/05/2001;Toys;1;Klingfelt, Ms. Liza
66;3513000;SP2200;16/02/2001;Sports;1;Manness, Mr. Mel
67;3513000;SP3300;7/07/2001;Sports;1;Manness, Mr. Mel
68;3513000;TY2500;16/10/2000;Toys;1;Manness, Mr. Mel
69;3638000;SP2400;1/08/2001;Sports;1;Cockrell, Mr. M. C.
70;3638000;TY4500;25/12/2000;Toys;1;Cockrell, Mr. M. C.
71;3763000;GD1300;3/07/2001;Gardening;1;Stewart, Mr. S. R.
72;3763000;GD2400;3/07/2001;Gardening;3;Stewart, Mr. S. R.
73;3763000;GD3100;3/07/2001;Gardening;1;Stewart, Mr. S. R.
74;3763000;GD4200;3/07/2001;Gardening;1;Stewart, Mr. S. R.
75;3763000;SP2000;6/08/2000;Sports;1;Stewart, Mr. S. R.
76;3763000;SP3300;13/05/2001;Sports;1;Stewart, Mr. S. R.
77;3888000;SP1000;3/11/2000;Sports;1;Watson, Mr. Ed
78;3906000;SP1000;11/09/2000;Sports;3;Jones, Ms. Annie
79;3906000;SP14OO;11/09/2000;Sports;4;Jones, Ms. Annie
80;3906000;SP2200;3/12/2000;Sports;3;Jones, Ms. Annie
81;3906000;SP2400;11/09/2000;Sports;1;Jones, Ms. Annie
82;4013000;TY2400;12/03/2001;Toys;1;Monroe, Ms. Julie
83;4138000;GD2200;12/11/2000;Gardening;4;Frederik, Mr. Frank
84;4138000;GD4000;3/08/2000;Gardening;2;Frederik, Mr. Frank
85;4138000;SP1300;20/08/2000;Sports;1;Frederik, Mr. Frank
86;4138000;SP3300;24/07/2001;Sports;1;Frederik, Mr. Frank
87;4138000;TY1650;30/05/2001;Toys;1;Frederik, Mr. Frank
88;4138000;TY1900;30/05/2001;Toys;1;Frederik, Mr. Frank
89;4138000;TY2500;30/05/2001;Toys;4;Frederik, Mr. Frank
90;4138000;TY3800;30/05/2001;Toys;2;Frederik, Mr. Frank
91;4263000;GD110O;19/06/2001;Gardening;1;Maadje, Mr. Leo
92;4263000;GD3100;23/09/2000;Gardening;1;Maadje, Mr. Leo
93;4263000;SP1000;24/11/2000;Sport;1;Maadje, Mr. Leo
94;4263000;SP1200;1/02/2001;Sports;1;Maadje, Mr. Leo
95;4263000;SP2400;9/06/2001;Sports;2;Maadje, Mr. Leo
96;4263000;SP2600;17/08/2000;Sports;3;Maadje, Mr. Leo
97;4263000;TY5200;14/04/2001;Toys;1;Maadje, Mr. Leo
98;4388000;GD3400;4/11/2000;Gardening;1;Verrella, Ms. Nancy
99;4388000;TY5400;6/08/2000;Toys;1;Verrella, Ms. Nancy
100;4401000;GD2400;13/09/2000;Gardening;1;Hopkins, Ms. Stella
101;4401000;PT2300;27/02/2001;Pets;2;Hopkins, Ms. Stella
102;4401000;SP1100;24/01/2001;Sports;1;Hopkins, Ms. Stella
103;4401000;TY1400;17/03/2001;Toys;1;Hopkins, Ms. Stella
104;4401000;TY2500;1/03/2001;Toys;1;Hopkins, Ms. Stella
105;4401000;TY3100;20/03/2001;Toys;1;Hopkins, Ms. Stella
106;4513000;PT1100;30/06/2001;Pets;1;Mooreson, Ms. Michelle
107;4513000;PT2100;30/06/2001;Pets;2;Mooreson, Ms. Michelle
108;4513000;SP2300;20/10/2000;Sports;1;Mooreson, Ms. Michelle
109;4513000;TY4600;12/05/2001;Toys;1;Mooreson, Ms. Michelle
110;4617000;GD3400;16/07/2000;Gardening;1;Jones, Mr. Ricardo
111;4617000;PT2000;20/07/2000;Pets;1;Jones, Mr. Ricardo
112;4617000;SP1600;21/09/2000;Sports;4;Jones, Mr. Ricardo
113;4638000;GD1001;22/09/2000;Gardening;1;Wise, Mr. C. J.
114;4638000;PT1100;7/11/2000;Pets;1;Wise, Mr. C. J.
115;4638000;PT1400;7/11/2000;Pets;3;Wise, Mr. C. J.
116;4638000;PT2200;7/11/2000;Pets;1;Wise, Mr. C. J.
117;4638000;SP2000;16/10/2000;Sports;1;Wise, Mr. C. J.
118;4638000;SP2500;9/03/2001;Sports;1;Wise, Mr. C. J.
119;4638000;TY4300;28/11/2000;Toys;4;Wise, Mr. C. J.
120;4763000;GD1300;5/07/2001;Gardening;2;Black, Ms. Heather
121;4763000;PT2000;20/05/2001;Pets;1;Black, Ms. Heather
122;4763000;PT2100;20/05/2001;Pets;2;Black, Ms. Heather
123;4763000;PT3100;20/05/2001;Pets;3;Black, Ms. Heather
124;4763000;SP1400;2/10/2000;Sports;1;Black, Ms. Heather
125;4763000;SP3400;25/07/2001;Sports;1;Black, Ms. Heather
126;4763000;TY1700;20/12/2000;Toys;1;Black, Ms. Heather
127;4763000;gd3100;7/11/2000;Gardening;1;Black, Ms. Heather
128;4891000;PT1400;3/03/2001;Pets;1;Ashford, Mr. John
129;4891000;SP3200;2/08/2000;Sports;1;Ashford, Mr. John
130;4891000;TY1650;26/01/2001;Toys;1;Ashford, Mr. John
131;4891000;TY1750;26/01/2001;Toys;1;Ashford, Mr. John
132;4891000;TY3700;26/01/2001;Toys;1;Ashford, Mr. John
133;4941000;GD1500;11/08/2000;Gardening;1;Janus, Mr. David
134;4941000;GD1500;3/12/2000;Gardening;1;Janus, Mr. David
135;4941000;GD2000;3/12/2000;Gardening;3;Janus, Mr. David
136;4941000;PT1300;4/01/2001;Pets;4;Janus, Mr. David
137;4941000;PT2100;4/01/2001;Pets;1;Janus, Mr. David
138;4941000;PT2300;4/01/2001;Pets;1;Janus, Mr. David
139;4941000;TY1200;23/09/2000;Toys;1;Janus, Mr. David
140;4941000;TY2200;23/09/2000;Toys;2;Janus, Mr. David
141;4941000;TY2500;23/09/2000;Toys;1;Janus, Mr. David
142;4941000;TY3200;27/03/2001;Toys;1;Janus, Mr. David
143;4941000;TY5100;23/09/2000;Toys;1;Janus, Mr. David
144;5016000;PT2300;7/07/2000;Pets;1;Conway, Mr. Merlin
145;5016000;SP1000;4/01/2001;Sports;4;Conway, Mr. Merlin
146;5016000;SP1300;4/01/2001;Sports;2;Conway, Mr. Merlin
147;5016000;SP1500;4/01/2001;Sports;1;Conway, Mr. Merlin
148;5016000;SP2500;4/01/2001;Sports;4;Conway, Mr. Merlin
149;5016000;SP3100;16/12/2000;Sports;1;Conway, Mr. Merlin
150;5141000;GD3000;25/10/2000;Gardening;1;Wang, Ms. M. S.
151;5141000;PT3300;13/03/2001;Pets;1;Wang, Ms. M. S.
152;5141000;SP1600;19/08/2000;Sports;1;Wang, Ms. M. S.
153;5141000;SP2000;11/10/2000;Sports;1;Wang, Ms. M. S.
154;5141000;TY2500;22/03/2001;Toys;2;Wang, Ms. M. S.
155;5150000;PT2200;7/01/2001;Pets;4;Jones, Ms. G. L.
156;5150000;TY4700;20/10/2000;Toys;1;Jones, Ms. G. L.
157;5266000;GD1100;31/07/2001;Gardening;3;Finster, Mr. Howard
158;5266000;SP3200;8/11/2000;Sports;3;Finster, Mr. Howard
159;5266000;SP3300;28/09/2000;Sports;4;Finster, Mr. Howard
160;5266000;TY1100;18/11/2000;Toys;1;Finster, Mr. Howard
161;5266000;TY3800;10/05/2001;Toys;1;Finster, Mr. Howard
162;5391000;PT1100;20/02/2001;Pets;1;Buscemi, Mr. Steve
163;5391000;PT1300;9/08/2001;Pets;4;Buscemi, Mr. Steve
164;5391000;PT2300;20/02/2001;Pets;3;Buscemi, Mr. Steve
165;5391000;SP1000;6/05/2001;Sports;1;Buscemi, Mr. Steve
166;5391000;SP2200;6/05/2001;Sports;1;Buscemi, Mr. Steve
167;5391000;SP2400;6/05/2001;Sports;1;Buscemi, Mr. Steve
168;137000;GD2200;10/09/2000;Gardening;1;Kraft, Ms. Rose
169;137000;GD3100;20/07/2001;Gardening;3;Kraft, Ms. Rose
170;137000;GD3300;20/07/2001;Gardening;1;Kraft, Ms. Rose
171;137000;GD3400;20/07/2001;Gardening;1;Kraft, Ms. Rose
172;137000;GD4300;20/07/2001;Gardening;3;Kraft, Ms. Rose
173;137000;PT1300;13/09/2000;Pets;3;Kraft, Ms. Rose
174;137000;SP1000;23/08/2000;Sports;1;Kraft, Ms. Rose
175;137000;SP1500;22/02/2001;Sports;1;Kraft, Ms. Rose
176;137000;TY1200;24/01/2001;Toys;4;Kraft, Ms. Rose
177;137000;TY2100;24/01/2001;Toys;1;Kraft, Ms. Rose
178;137000;TY2300;24/01/2001;Toys;1;Kraft, Ms. Rose
179;137000;TY4100;8/12/2000;Toys;1;Kraft, Ms. Rose
180;137000;TY4100;24/01/2001;Toys;1;Kraft, Ms. Rose
181;262000;SP2400;3/03/2001;Sports;4;Yang, Ms. Joan
182;262000;SP2700;19/05/2001;Sports;4;Yang, Ms. Joan
183;262000;TY1800;8/11/2000;Toys;2;Yang, Ms. Joan
184;387000;GD2000;5/10/2000;Gardening;1;Hinfelt, Mr. B. K.
185;387000;PT2100;3/07/2000;Pets;1;Hinfelt, Mr. B. K.
186;387000;SP1200;17/05/2001;Sports;1;Hinfelt, Mr. B. K.
187;387000;SP2200;14/07/2001;Sports;1;Hinfelt, Mr. B. K.
188;387000;SP2300;14/07/2001;Sports;1;Hinfelt, Mr. B. K.
189;387000;SP2400;14/07/2001;Sports;1;Hinfelt, Mr. B. K.
190;387000;SP3300;20/08/2000;Sports;1;Hinfelt, Mr. B. K.
191;387000;TY1100;27/02/2001;Toy;2;Hinfelt, Mr. B. K.
192;387000;TY3200;27/02/2001;Toys;2;Hinfelt, Mr. B. K.
193;387000;TY4200;27/02/2001;Toys;1;Hinfelt, Mr. B. K.
194;387000;TY5300;27/02/2001;Toys;1;Hinfelt, Mr. B. K.
195;456000;GD3400;27/06/2000;Gardening;3;Jones, Mr. B. T.
196;456000;PT2200;7/05/2001;Pets;3;Jones, Mr. B. T.
197;456000;PT3200;17/06/2001;Pets;2;Jones, Mr. B. T.
198;456000;SP3400;3/02/2001;Sports;1;Jones, Mr. B. T.
199;456000;TY3800;30/05/2001;Toys;1;Jones, Mr. B. T.
200;512000;SP1500;5/07/2001;Sports;1;Gibson, Mr. R. K.
201;637000;PT1400;23/11/2000;Pets;1;Rose, Mr. J. L.
202;637000;PT2200;23/11/2000;Pets;1;Rose, Mr. J. L.
203;637000;TY4400;14/02/2001;Toys;1;Rose, Mr. J. L.
204;733000;TY17OO;13/02/2001;Toys;4;Jones, Ms. Sallie
205;762000;SP2400;7/11/2000;Sports;1;Montrose, Mr. B. T.
206;887000;PT2100;15/03/2001;Pets;1;Monsano, Ms. A. M.
207;887000;SP2600;25/05/2001;Sports;1;Monsano, Ms. A. M.
208;887000;TY2400;28/01/2001;Toys;1;Monsano, Ms. A. M.
209;887000;TY3700;28/01/2001;Toys;1;Monsano, Ms. A. M.
210;887000;TY4600;28/01/2001;Toys;1;Monsano, Ms. A. M.
211;887000;TY5100;28/01/2001;Toys;4;Monsano, Ms. A. M.
212;914000;PT1100;28/06/2000;Pets;3;Monsano, Ms. A. Margaret
213;914000;PT3100;28/06/2000;Pets;1;Monsano, Ms. A. Margaret
214;914000;SP1000;24/02/2001;Sports;1;Monsano, Ms. A. Margaret
215;914000;SP1300;24/02/2001;Sports;1;Monsano, Ms. A. Margaret
216;914000;SP2200;15/05/2001;Sports;1;Monsano, Ms. A. Margaret
217;914000;SP2300;24/02/2001;Sports;4;Monsano, Ms. A. Margaret
218;914000;TY3700;21/04/2001;Toys;1;Monsano, Ms. A. Margaret
219;914000;TY3800;5/04/2001;Toys;1;Monsano, Ms. A. Margaret
220;914000;gd3100;19/01/2001;Gardening;3;Monsano, Ms. A. Margaret
221;1012000;GD2200;1/03/2001;Gardening;1;Albertson, Mr. Erin
222;1012000;GD2400;1/03/2001;Gardening;1;Albertson, Mr. Erin
223;1012000;GD3200;1/03/2001;Gardening;1;Albertson, Mr. Erin
224;1012000;GD4100;1/03/2001;Gardening;1;Albertson, Mr. Erin
225;1012000;PT4600;28/03/2001;Pets;1;Albertson, Mr. Erin
226;1012000;TY1950;3/12/2000;Toys;1;Albertson, Mr. Erin
227;1012000;TY4600;3/12/2000;Toys;3;Albertson, Mr. Erin
228;1012000;TY5300;3/12/2000;Toys;1;Albertson, Mr. Erin
229;1137000;GD3200;13/10/2000;Gardening;1;Eberhart, Ms. Tonya
230;1137000;TY3400;21/04/2001;Toys;4;Eberhart, Ms. Tonya
231;1222000;PT1400;26/03/2001;Pets;4;Jones, Mr. Samuel
232;1222000;TY4200;30/04/2001;Toys;1;Jones, Mr. Samuel
233;1222000;TY4600;3/02/2001;Toys;1;Jones, Mr. Samuel
234;1250000;GD1100;22/07/2001;Gardening;1;Jones, Ms. Kat
235;1250000;GD15OO;12/04/2001;Gardening;1;Jones, Ms. Kat
236;1250000;GD3000;12/04/2001;Gardening;3;Jones, Ms. Kat
237;1250000;GD3200;12/04/2001;Gardening;2;Jones, Ms. Kat
238;1250000;PT1300;9/08/2000;Pets;4;Jones, Ms. Kat
239;1250000;PT2100;31/03/2001;Pets;1;Jones, Ms. Kat
240;1250000;SP1400;3/03/2001;Sports;1;Jones, Ms. Kat
241;1250000;SP2500;3/03/2001;Sports;2;Jones, Ms. Kat
242;1262000;SP1000;20/06/2001;Sports;1;Jillian, Ms. Rue
243;1262000;SP1200;12/09/2000;Sports;1;Jillian, Ms. Rue
244;1262000;TY4200;25/12/2000;Toys;1;Jillian, Ms. Rue
245;1355000;SP1300;16/11/2000;Sports;1;Jones, Ms. Terri
246;1387000;GD2000;4/01/2001;Gardening;1;Horner, Mr. J. M.
247;1387000;GD3100;4/01/2001;Gardening;1;Horner, Mr. J. M.
248;1387000;GD3400;4/01/2001;Gardening;2;Horner, Mr. J. M.
249;1387000;PT4100;3/01/2001;Pets;1;Horner, Mr. J. M.
250;1387000;SP1500;2/01/2001;Sports;1;Horner, Mr. J. M.
251;1387000;SP2000;2/01/2001;Sports;2;Horner, Mr. J. M.
252;1387000;SP2500;28/09/2000;Sports;3;Horner, Mr. J. M.
253;1387000;SP2500;2/01/2001;Sports;1;Horner, Mr. J. M.
254;1387000;SP2700;2/01/2001;Sports;1;Horner, Mr. J. M.
255;1512000;PT1300;23/12/2000;Pets;1;Jackson, Mr. Ellis
256;1512000;PT1400;23/12/2000;Pets;4;Jackson, Mr. Ellis
257;1512000;PT2200;23/12/2000;Pets;3;Jackson, Mr. Ellis
258;1512000;SP2600;3/04/2001;Sports;2;Jackson, Mr. Ellis
259;1512000;TY2600;30/06/2000;Toys;1;Jackson, Mr. Ellis
260;1637000;SP1200;8/10/2000;Sports;1;Gilley, Ms. Sue
261;1637000;SP2300;29/05/2001;Sports;1;Gilley, Ms. Sue
262;1642000;SP1000;22/12/2000;Sports;4;Jones, Ms. Marie
263;1642000;SP1300;22/12/2000;Sports;1;Jones, Ms. Marie
264;1642000;SP2000;22/12/2000;Sports;4;Jones, Ms. Marie
265;1642000;SP3300;3/12/2000;Sports;1;Jones, Ms. Marie
266;1642000;SP3400;22/12/2000;Sports;3;Jones, Ms. Marie
267;1762000;GD1500;20/01/2001;Gardening;1;Moffet, Ms. Kat
268;1762000;GD2200;27/11/2000;Gardening;1;Moffet, Ms. Kat
269;1762000;SP2700;6/07/2000;Sports;1;Moffet, Ms. Kat
270;1762000;SP3400;26/11/2000;Sports;1;Moffet, Ms. Kat
271;1762000;TY1950;28/09/2000;Toys;3;Moffet, Ms. Kat
272;1762000;TY5400;3/06/2001;Toys;3;Moffet, Ms. Katarine
273;1887000;GD1100;21/05/2001;Gardening;4;Freeman, Mr. Michael
274;1887000;SP2200;5/08/2001;Sports;1;Freeman, Mr. Michael
275;1887000;SP2400;16/04/2001;Sports;3;Freeman, Mr. Michael
276;1887000;TY1800;9/12/2000;Toys;1;Freeman, Mr. Michael
277;1912000;PT1300;2/01/2001;Pets;1;Jones, Mr. Bob
278;1912000;PT1400;27/03/2001;Pets;1;Jones, Mr. Bob
279;1912000;PT2200;27/03/2001;Pets;1;Jones, Mr. Bob
280;1912000;PT4600;27/03/2001;Pets;1;Jones, Mr. Bob
281;1912000;SP3300;14/12/2000;Sports;1;Jones, Mr. Bob
282;1912000;TY1300;17/11/2000;Toys;2;Jones, Mr. Bob
283;1912000;TY2100;17/11/2000;Toys;1;Jones, Mr. Bob
284;1912000;TY2700;17/11/2000;Toys;1;Jones, Mr. Bob
285;1912000;TY4100;17/11/2000;Toys;1;Jones, Mr. Bob
286;1912000;TY4400;3/04/2001;Toys;1;Jones, Mr. Bob
287;2012000;PT4600;22/10/2000;Pets;1;Romanoff, Mr. Sergei
288;2137000;GD2100;9/08/2000;Gardening;1;Chang, Ms. Kate
289;2137000;GD3300;3/07/2001;Gardening;1;Chang, Ms. Kate
290;2137000;SP1500;2/10/2000;Sports;1;Chang, Ms. Kate
291;2137000;SP1500;8/01/2001;Sports;1;Chang, Ms. Kate
292;2137000;SP2000;8/01/2001;Sports;1;Chang, Ms. Kate
293;2137000;SP2200;15/10/2000;Sports;1;Chang, Ms. Kate
294;2137000;SP2200;21/10/2000;Sports;3;Chang, Ms. Kate
295;2137000;SP2400;21/10/2000;Sports;1;Chang, Ms. Kate
296;2137000;SP2400;8/01/2001;Sports;3;Chang, Ms. Kate
297;2137000;SP2500;10/07/2001;Sports;1;Chang, Ms. Kate
298;2137000;SP3100;8/01/2001;Sports;2;Chang, Ms. Kate
299;2137000;SP3400;21/10/2000;Sports;1;Chang, Ms. Kate
300;2173000;GD1300;12/07/2001;Gardening;1;Jones, Ms. Ellen
301;2173000;GD4100;1/08/2001;Gardening;1;Jones, Ms. Ellen
302;2173000;SP13OO;3/01/2001;Sports;4;Jones, Ms. Ellen
303;2173000;SP2300;4/08/2000;Sports;4;Jones, Ms. Ellen
304;2173000;SP2500;28/11/2000;Sports;1;Jones, Ms. Ellen
305;2173000;TY16OO;11/05/2001;Toys;4;Jones, Ms. Ellen
306;2173000;TY1950;5/05/2001;Toys;1;Jones, Ms. Ellen
307;2263000;GD2400;20/07/2001;Gardening;1;Ross, Ms. C. L.
308;2263000;PT2100;26/05/2001;Pets;1;Ross, Ms. C. L.
309;2263000;TY4400;9/02/2001;Toys;1;Ross, Ms. C. L.
310;2349000;GD1010;20/06/2000;Gardening;1;Jones, Mr. J. T.
311;2349000;GD1200;20/06/2000;Gardening;1;Jones, Mr. J. T.
312;2349000;GD1200;28/03/2001;Gardening;2;Jones, Mr. J. T.
313;2349000;GD2000;26/06/2000;Gardening;3;Jones, Mr. J. T.
314;2349000;GD3000;20/06/2000;Gardening;1;Jones, Mr. J. T.
315;2349000;GD3100;12/07/2001;Gardening;1;Jones, Mr. J. T.
316;2349000;GD3300;26/06/2000;Gardening;1;Jones, Mr. J. T.
317;2349000;GD3400;20/06/2000;Gardening;1;Jones, Mr. J. T.
318;2349000;GD4100;26/06/2000;Gardening;1;Jones, Mr. J. T.
319;2349000;GD4200;4/07/2001;Gardening;1;Jones, Mr. J. T.
320;2349000;SP1000;19/09/2000;Sports;3;Jones, Mr. J. T.
321;2349000;SP2600;15/02/2001;Sports;1;Jones, Mr. J. T.
322;2349000;TY1500;12/08/2000;Toys;1;Jones, Mr. J. T.
323;2349000;TY1600;14/01/2001;Toys;1;Jones, Mr. J. T.
324;2349000;TY1600;29/04/2001;Toys;3;Jones, Mr. J. T.
325;2349000;TY1650;29/04/2001;Toys;1;Jones, Mr. J. T.
326;2349000;TY1950;29/04/2001;Toys;3;Jones, Mr. J. T.
327;2349000;TY2200;12/08/2000;Toys;1;Jones, Mr. J. T.
328;2349000;TY2300;29/04/2001;Toys;1;Jones, Mr. J. T.
329;2349000;TY3600;12/08/2000;Toys;1;Jones, Mr. J. T.
330;2349000;TY4700;12/08/2000;Toys;2;Jones, Mr. J. T.
331;2388000;SP1100;28/01/2001;Sports;1;Jones, Ms. Victoria
332;2388000;TY3500;15/06/2001;Toys;1;Jones, Ms. Victoria
333;2513000;GD1100;17/12/2000;Gardening;1;Rifkin, Mr. Bob
334;2513000;GD1600;17/12/2000;Gardening;1;Rifkin, Mr. Bob
335;2513000;GD2100;17/12/2000;Gardening;1;Rifkin, Mr. Bob
336;5391000;SP2500;13/07/2000;Sports;1;Buscemi, Mr. Steve
337;5391000;TY2200;1/03/2001;Toys;1;Buscemi, Mr. Steve
338;5391000;TY2600;12/03/2001;Toy;1;Buscemi, Mr. Steve
339;5391000;TY3200;12/03/2001;Toys;1;Buscemi, Mr. Steve
340;5391000;TY5200;12/03/2001;Toys;1;Buscemi, Mr. Steve
341;5516000;PT2100;15/12/2000;Pets;1;Keitel, Harvey
342;5516000;TY1300;16/01/2001;Toys;3;Keitel, Harvey
343;5516000;TY2700;26/03/2001;Toys;1;Keitel, Harvey
344;5516000;TY3800;31/03/2001;Toys;1;Keitel, Harvey
345;5634000;GD1010;15/11/2000;Gardening;1;James, Mr. Rick
346;5634000;GD12OO;15/11/2000;Gardening;3;James, Mr. Rick
347;5634000;GD4200;15/11/2000;Gardening;1;James, Mr. Rick
348;5634000;PT2100;25/10/2000;Pets;1;James, Mr. Rick
349;5634000;SP1000;23/06/2000;Sports;2;James, Mr. Rick
350;5634000;SP1000;12/07/2000;Sports;1;James, Mr. Rick
351;5634000;SP1100;26/09/2000;Sports;2;James, Mr. Rick
352;5634000;SP1400;12/07/2000;Sports;2;James, Mr. Rick
353;5634000;SP2200;30/07/2001;Sports;1;James, Mr. Rick
354;5634000;SP2300;12/07/2000;Sports;1;James, Mr. Rick
355;5634000;SP2400;12/06/2001;Sports;1;James, Mr. Rick
356;5641000;GD2200;1/11/2000;Gardening;1;Rain, Mr. Doug
357;5641000;PT1100;23/05/2001;Pets;1;Rain, Mr. Doug
358;5641000;TY3100;11/01/2001;Toys;1;Rain, Mr. Doug
359;5641000;TY3200;8/09/2000;Toys;1;Rain, Mr. Doug
360;5766000;PT1000;13/06/2001;Pets;1;Challey, Ms. Jan
361;5766000;PT1100;13/06/2001;Pets;2;Challey, Ms. Jan
362;5766000;SP1000;2/12/2000;Sports;2;Challey, Ms. Jan
363;5766000;TY1700;7/04/2001;Toys;1;Challey, Ms. Jan
364;5891000;GD3400;14/11/2000;Gardening;2;Bating, Ms. S. T.
365;5891000;PT2000;7/02/2001;Pets;1;Bating, Ms. S. T.
366;5891000;PT4600;2/08/2001;Pets;1;Bating, Ms. S. T.
367;5891000;SP1100;7/12/2000;Sports;1;Bating, Ms. S. T.
368;5891000;SP2600;14/09/2000;Sports;1;Bating, Ms. S. T.
369;5891000;TY1600;22/05/2001;Toys;1;Bating, Ms. S. T.
370;5891000;TY1750;22/05/2001;Toys;4;Bating, Ms. S. T.
371;5891000;TY3100;22/05/2001;Toys;4;Bating, Ms. S. T.
372;5891000;TY3800;22/05/2001;Toys;2;Bating, Ms. S. T.
373;5891000;TY4500;31/03/2001;Toys;2;Bating, Ms. S. T.
374;5891000;TY5200;26/01/2001;Toys;2;Bating, Ms. S. T.
375;6016000;GD101O;3/07/2001;Gardening;1;Perlmann, Mr. T. C.
376;6016000;GD1100;3/07/2001;Gardening;3;Perlmann, Mr. T. C.
377;6016000;GD1200;16/12/2000;Gardening;3;Perlmann, Mr. T. C.
378;6016000;GD2100;1/07/2001;Gardening;1;Perlmann, Mr. T. C.
379;6016000;GD2300;16/12/2000;Gardening;1;Perlmann, Mr. T. C.
380;6016000;GD2400;16/12/2000;Gardening;3;Perlmann, Mr. T. C.
381;6016000;GD3300;16/12/2000;Gardening;1;Perlmann, Mr. T. C.
382;6016000;GD4000;3/07/2001;Gardening;1;Perlmann, Mr. T. C.
383;6016000;PT3200;18/12/2000;Pets;2;Perlmann, Mr. T. C.
384;6016000;SP1500;31/10/2000;Sports;1;Perlmann, Mr. T. C.
385;6016000;TY2600;17/03/2001;Toys;1;Perlmann, Mr. T. C.
386;6016000;TY2700;16/07/2001;Toys;1;Perlmann, Mr. T. C.
387;6141000;PT1300;13/05/2001;Pets;1;Berger, Mr. K. J.
388;6141000;SP1100;17/12/2000;Sports;1;Berger, Mr. K. J.
389;6141000;SP1200;17/12/2000;Sports;4;Berger, Mr. K. J.
390;6141000;SP1500;17/12/2000;Sports;4;Berger, Mr. K. J.
391;6141000;SP2700;17/12/2000;Sports;3;Berger, Mr. K. J.
392;6266000;PT2300;21/03/2001;Pets;4;Reuter, Ms. Gloria
393;6266000;PT4600;21/03/2001;Pets;1;Reuter, Ms. Gloria
394;6266000;SP1100;6/01/2001;Sports;1;Reuter, Ms. Gloria
395;6266000;SP1100;31/03/2001;Sports;1;Reuter, Ms. Gloria
396;6266000;SP1400;31/03/2001;Sports;1;Reuter, Ms. Gloria
397;6266000;SP1600;6/01/2001;Sports;1;Reuter, Ms. Gloria
398;6266000;SP2000;6/01/2001;Sports;1;Reuter, Ms. Gloria
399;6266000;SP2200;31/03/2001;Sports;1;Reuter, Ms. Gloria
400;6266000;SP2600;6/01/2001;Sports;1;Reuter, Ms. Gloria
401;6266000;SP3300;31/03/2001;Sports;1;Reuter, Ms. Gloria
402;6391000;GD3300;5/09/2000;Gardening;1;Dallas, Mr. Lanny
403;6391000;PT2300;27/08/2000;Pets;1;Dallas, Mr. Lanny
404;6516000;GD3000;4/08/2000;Gardening;1;Nauge, Mr. Frank
405;6516000;SP1400;20/05/2001;Sports;1;Nauge, Mr. Frank
406;6516000;SP1600;20/05/2001;Sports;1;Nauge, Mr. Frank
407;6516000;SP2600;3/09/2000;Sports;1;Nauge, Mr. Frank
408;6516000;SP3300;20/05/2001;Sports;1;Nauge, Mr. Frank
409;6516000;TY3200;9/09/2000;Toys;1;Nauge, Mr. Frank
410;6641000;GD2300;23/08/2000;Gardening;1;Lai, Ms. Andrea
411;6641000;PT2200;26/05/2001;Pets;1;Lai, Ms. Andrea
412;6641000;PT2300;17/09/2000;Pets;1;Lai, Ms. Andrea
413;6641000;SP1400;26/11/2000;Sports;1;Lai, Ms. Andrea
414;6641000;SP2300;26/11/2000;Sports;1;Lai, Ms. Andrea
415;6641000;SP2500;10/07/2000;Sports;2;Lai, Ms. Andrea
416;6641000;SP2700;3/08/2001;Sports;1;Lai, Ms. Andrea
417;6641000;SP3000;26/11/2000;Sports;1;Lai, Ms. Andrea
418;6641000;SP3300;16/03/2001;Sports;1;Lai, Ms. Andrea
419;6766000;PT1400;25/01/2001;Pets;1;Lu, Ms. Lisa
420;6766000;PT2000;26/10/2000;Pets;1;Lu, Ms. Lisa
421;6766000;SP1000;13/03/2001;Sports;1;Lu, Ms. Lisa
422;6766000;SP1400;13/03/2001;Sports;1;Lu, Ms. Lisa
423;6766000;SP2400;13/03/2001;Sports;1;Lu, Ms. Lisa
424;6766000;SP3200;13/08/2000;Sports;4;Lu, Ms. Lisa
425;6766000;SP3300;13/03/2001;Sports;1;Lu, Ms. Lisa
426;6766000;TY4200;11/02/2001;Toys;1;Lu, Ms. Lisa
427;6870000;GD1600;20/07/2000;Gardening;1;Jones, Mr. John
428;6870000;PT2300;2/07/2000;Pets;4;Jones, Mr. John
429;6870000;PT2300;6/11/2000;Pets;1;Jones, Mr. John
430;6870000;SP1500;16/04/2001;Sports;1;Jones, Mr. John
431;6870000;SP2200;16/04/2001;Sports;2;Jones, Mr. John
432;6870000;SP3000;16/04/2001;Sports;2;Jones, Mr. John
433;6870000;SP3100;16/04/2001;Sports;1;Jones, Mr. John
434;6870000;TY2400;11/11/2000;Toys;1;Jones, Mr. John
435;6870000;TY4600;16/12/2000;Toys;4;Jones, Mr. John
436;6892000;GD3300;26/07/2001;Garden;1;Courtney, Ms. L.
437;6892000;PT3500;19/05/2001;Pets;1;Courtney, Ms. Leanne
438;6892000;SP2700;27/06/2001;Sports;3;Courtney, Ms. Leanne
439;6892000;TY5100;9/01/2001;Toys;2;Courtney, Ms. Leanne
440;6944000;PT1000;15/07/2000;Pets;1;Jones, Mr. Everett
441;6944000;PT1100;15/07/2000;Pets;1;Jones, Mr. Everett
442;6944000;PT1100;20/10/2000;Pets;1;Jones, Mr. Everett
443;6944000;PT1300;20/10/2000;Pets;1;Jones, Mr. Everett
444;6944000;PT1400;20/10/2000;Pets;1;Jones, Mr. Everett
445;6944000;PT2000;15/07/2000;Pets;1;Jones, Mr. Everett
446;6944000;PT2300;15/07/2000;Pets;2;Jones, Mr. Everett
447;6944000;SP1400;23/08/2000;Sports;1;Jones, Mr. Everett
448;6944000;TY1600;1/06/2001;Toys;1;Jones, Mr. Everett
449;6944000;TY1750;7/06/2001;Toys;1;Jones, Mr. Everett
450;6944000;TY17OO;1/06/2001;Toys;3;Jones, Mr. Everett
451;6944000;TY2200;1/06/2001;Toys;1;Jones, Mr. Everett
452;6944000;TY2400;1/06/2001;Toys;1;Jones, Mr. Everett
453;6944000;TY3200;7/06/2001;Toys;1;Jones, Mr. Everett
454;6944000;TY3600;7/06/2001;Toys;1;Jones, Mr. Everett
455;7017000;PT1000;24/07/2001;Pets;1;Fisher, Ms. Jennifer
456;7017000;PT1300;24/07/2001;Pets;1;Fisher, Ms. Jennifer
457;7017000;SP1600;15/07/2000;Sports;1;Fisher, Ms. Jennifer
458;7142000;GD2400;10/10/2000;Gardening;1;Chan, Mr. Ed
459;7142000;SP1500;5/05/2001;Sports;1;Chan, Mr. Ed
460;7142000;SP3000;1/12/2000;Sports;1;Chan, Mr. Ed
461;7142000;SP3000;5/05/2001;Sports;1;Chan, Mr. Ed
462;7142000;SP3100;5/05/2001;Sports;3;Chan, Mr. Ed
463;7142000;SP3300;5/05/2001;Sports;3;Chan, Mr. Ed
464;7142000;TY2100;26/07/2000;Toys;1;Chan, Mr. Ed
465;7142000;TY3100;26/07/2000;Toys;1;Chan, Mr. Ed
466;7142000;TY3400;26/07/2000;Toys;1;Chan, Mr. Ed
467;7142000;TY4700;27/08/2000;Toys;1;Chan, Mr. Ed
468;7267000;SP1200;4/05/2001;Sports;1;Monet, Mr. Ken
469;7267000;SP1600;26/05/2001;Sports;1;Monet, Mr. Ken
470;7267000;SP2600;26/05/2001;Sports;1;Monet, Mr. Ken
471;7392000;GD3300;2/07/2001;Gardening;1;Tart, Ms. Angela
472;7392000;PT2100;21/04/2001;Pets;1;Tart, Ms. Angela
473;7392000;SP1300;6/01/2001;Sports;1;Tart, Ms. Angela
474;7392000;SP2600;6/01/2001;Sports;1;Tart, Ms. Angela
475;7392000;SP3100;6/01/2001;Sports;1;Tart, Ms. Angela
476;7392000;SP3200;6/01/2001;Sports;1;Tart, Ms. Angela
477;7392000;TY1650;31/05/2001;Toys;3;Tart, Ms. Angela
478;7470000;GD1300;23/05/2001;Gardening;1;Jones, Ms. K. Theresa
479;7470000;GD1600;28/10/2000;Gardening;1;Jones, Ms. K. Theresa
480;7470000;GD4100;3/08/2001;Gardening;1;Jones, Ms. K. Theresa
481;7470000;PT2200;18/04/2001;Pets;4;Jones, Ms. K. Theresa
482;7470000;PT4600;18/04/2001;Pets;1;Jones, Ms. K. Theresa
483;7470000;SP1600;4/12/2000;Sports;1;Jones, Ms. K. Theresa
484;7470000;TY4200;17/03/2001;Toys;1;Jones, Ms. K. Theresa
485;7480000;GD2200;4/07/2000;Gardening;1;Jones, Mr. Bill
486;7480000;PT3300;25/09/2000;Pets;1;Jones, Mr. Bill A.
487;7480000;SP1300;4/07/2001;Sports;1;Jones, Mr. Bill
488;7480000;SP2200;16/09/2000;Sports;1;Jones, Mr. Bill
489;7480000;SP2200;4/07/2001;Sports;1;Jones, Mr. Bill
490;7480000;SP2300;4/07/2001;Sports;3;Jones, Mr. Bill
491;7480000;SP2700;4/07/2001;Sports;1;Jones, Mr. Bill
492;7517000;PT2000;1/04/2001;Pets;1;Bergman, Mr. Conrad
493;7517000;SP1200;30/03/2001;Sports;3;Bergman, Mr. Conrad
494;7517000;SP1300;4/03/2001;Sports;1;Bergman, Mr. Conrad
495;7517000;SP1500;4/03/2001;Sports;1;Bergman, Mr. Conrad
496;7517000;SP2500;4/03/2001;Sports;1;Bergman, Mr. Conrad
497;7517000;SP2600;27/11/2000;Sports;4;Bergman, Mr. Conrad
498;7517000;SP2600;4/12/2000;Sports;1;Bergman, Mr. Conrad
499;7642000;GD1001;25/02/2001;Gardening;1;Kosinski, Mr. Raineir
500;7642000;GD1300;12/07/2001;Gardening;1;Kosinski, Mr. Raineir
501;7642000;GD1400;6/09/2000;Gardening;1;Kosinski, Mr. Raineir
502;7642000;GD2100;26/08/2000;Gardening;1;Kosinski, Mr. Raineir
503;7642000;SP2500;6/05/2001;Sports;1;Kosinski, Mr. Raineir
504;7642000;SP2600;2/03/2001;Sports;1;Kosinski, Mr. Raineir
505;7642000;TY1750;13/04/2001;Toys;3;Kosinski, Mr. Raineir
506;7666000;PT2200;7/08/2001;Pets;1;Jones, Mr. Donald
507;7666000;TY2200;13/06/2001;Toys;3;Jones, Mr. Donald
508;7738000;SP1600;16/04/2001;Sports;1;Whitley-Jones, Ms. Joy
509;7738000;SP2000;16/08/2000;Sports;1;Whitley-Jones, Ms. Joy
510;7738000;SP2600;11/03/2001;Sports;1;Whitley-Jones, Ms. Joy
511;7738000;TY4500;30/09/2000;Toys;1;Whitley-Jones, Ms. Joy
512;7738000;TY5100;21/03/2001;Toys;1;Whitley-Jones, Ms. Joy
513;7767000;GD3100;16/09/2000;Gardening;3;Moss, Ms. Eugenia
514;7767000;PT1100;26/06/2001;Pets;1;Moss, Ms. Eugenia
515;7767000;PT1200;26/06/2001;Pets;1;Moss, Ms. Eugenia
516;7767000;PT2000;21/05/2001;Pets;1;Moss, Ms. Eugenia
517;7767000;PT2000;26/06/2001;Pets;1;Moss, Ms. Eugenia
518;7767000;SP1100;11/06/2001;Sports;1;Moss, Ms. Eugenia
519;7767000;SP1300;22/06/2000;Sports;4;Moss, Ms. Eugenia
520;7767000;SP2200;5/06/2001;Sports;1;Moss, Ms. Eugenia
521;7767000;SP3300;22/06/2000;Sports;3;Moss, Ms. Eugenia
522;7767000;TY3400;5/05/2001;Toys;1;Moss, Ms. Eugenia
523;7892000;PT2100;22/10/2000;Pets;1;Selle, Ms. Maria
524;7892000;SP2500;2/08/2000;Sports;1;Selle, Ms. Maria
525;7892000;TY2100;27/10/2000;Toys;1;Selle, Ms. Maria
526;7892000;TY3500;4/07/2000;Toys;4;Selle, Ms. Maria
527;8020000;GD2100;28/06/2000;Gardening;1;Head, Mr. George
528;8020000;PT1000;20/07/2001;Pets;1;Head, Mr. George
529;8020000;PT3100;20/07/2001;Pets;1;Head, Mr. George
530;8020000;TY1900;24/11/2000;Toys;1;Head, Mr. George
531;8145000;GD3100;9/08/2000;Gardening;1;Teel, Ms. Darla
532;8145000;SP1300;9/07/2001;Sports;1;Teel, Ms. Darla
533;8145000;SP1600;21/10/2000;Sports;1;Teel, Ms. Darla
534;8145000;SP2300;21/10/2000;Sports;1;Teel, Ms. Darla
535;8145000;SP2400;21/10/2000;Sports;1;Teel, Ms. Darla
536;8145000;TY1850;10/10/2000;Toys;1;Teel, Ms. Darla
537;8145000;TY2500;2/08/2001;Toys;1;Teel, Ms. Darla
538;8145000;TY5200;24/10/2000;Toys;1;Teel, Ms. Darla
539;8270000;SP1400;12/01/2001;Sports;1;Cracken, Mr. R. Thomas
540;8270000;SP2300;25/11/2000;Sports;1;Cracken, Mr. R. Thomas
541;8270000;SP2400;12/01/2001;Sports;1;Cracken, Mr. R. T.
542;8270000;SP2500;12/01/2001;Sports;1;Cracken, Mr. R. Thomas
543;8270000;TY1200;4/06/2001;Toys;1;Cracken, Mr. R. Thomas
544;8395000;SP1000;22/12/2000;Sports;1;Sullivan, Ms. Lina
545;8473000;GD1600;21/05/2001;Gardening;1;Jones, Ms. Margaret
546;8473000;TY1950;9/03/2001;Toys;1;Jones, Ms. Margaret
547;8520000;GD1100;8/07/2000;Gardening;1;Murray, Mr. Tom
548;8520000;GD3300;2/12/2000;Gardening;3;Murray, Mr. Tom
549;8520000;PT1100;22/08/2000;Pets;1;Murray, Mr. Tom
550;8520000;SP1400;1/05/2001;Sports;1;Murray, Mr. Tom
551;8520000;SP3100;20/03/2001;Sports;1;Murray, Mr. Tom
552;8645000;GD1600;3/10/2000;Gardening;2;Liston, Ms. Annyce
553;8645000;PT1400;19/03/2001;Pets;4;Liston, Ms. Annyce
554;8645000;SP14OO;29/07/2000;Sports;4;Liston, Ms. Annyce
555;8645000;SP2200;19/06/2000;Sports;1;Liston, Ms. Annyce
556;8645000;SP2600;19/06/2000;Sports;1;Liston, Ms. Annyce
557;8645000;TY4100;29/01/2001;Toys;1;Liston, Ms. A.
558;8645000;TY4200;6/06/2001;Toys;1;Liston, Ms. Annyce
559;8645000;TY4300;6/06/2001;Toys;4;Liston, Ms. Annyce
560;8645000;TY4300;15/06/2001;Toys;1;Liston, Ms. Annyce
561;8645000;TY4600;6/06/2001;Toys;1;Liston, Ms. Annyce
562;8770000;GD10)!;27/03/2001;Gardening;1;Hall, Mr. Brett
563;8770000;GD1400;27/03/2001;Gardening;2;Hall, Mr. Brett
564;8770000;GD2300;27/03/2001;Gardening;1;Hall, Mr. Brett
565;8770000;GD4200;27/03/2001;Gardening;3;Hall, Mr. Brett
566;8770000;SP1000;26/11/2000;Sports;1;Hall, Mr. Brett
567;8770000;SP3200;28/10/2000;Sports;1;Hall, Mr. Brett
568;8770000;TY1850;8/02/2001;Toys;1;Hall, Mr. Brett
569;8770000;TY2400;2/06/2001;Toys;4;Hall, Mr. Brett
570;8895000;GD1300;1/07/2001;Gardening;1;Scott, Mr. Conrad
571;8895000;GD2400;3/07/2000;Gardening;1;Scott, Mr. Conrad
572;8895000;PT1400;18/11/2000;Pets;2;Scott, Mr. Conrad
573;8895000;SP2400;15/11/2000;Sports;1;Scott, Mr. Conrad
574;8895000;SP3100;10/01/2001;Sports;1;Scott, Mr. Conrad
575;8895000;TY4500;7/04/2001;Toys;1;Scott, Mr. Conrad
576;8913000;GD4100;4/08/2001;Gardening;1;Jones, Mr. Jonathan
577;8913000;PT1400;21/02/2001;Pets;1;Jones, Mr. Jonathan
578;8913000;PT4600;21/02/2001;Pets;3;Jones, Mr. Jonathan
579;8913000;SP2700;28/07/2000;Sports;1;Jones, Mr. Jonathan
580;8913000;SP3100;16/06/2001;Sports;1;Jones, Mr. Jonathan
581;8913000;SP3300;21/10/2000;Sports;1;Jones, Mr. Jonathan
582;8913000;TY1300;9/03/2001;Toys;1;Jones, Mr. Jonathan
583;8913000;TY1850;9/03/2001;Toys;1;Jones, Mr. Jonathan
584;8913000;TY3500;5/03/2001;Toys;1;Jones, Mr. Jonathan
585;8913000;TY4300;10/05/2001;Toys;1;Jones, Mr. Jonathan
586;9020000;SP2000;20/12/2000;Sports;1;Blaska, Mr. Herman
587;9020000;SP2400;7/01/2001;Sports;1;Blaska, Mr. Herman
588;9020000;SP3100;20/12/2000;Sports;1;Blaska, Mr. Herman
589;9020000;SP3200;20/12/2000;Sports;1;Blaska, Mr. Herman
590;9145000;GD1500;27/12/2000;Gardening;2;Occianna, Mr. Christian
591;9145000;PT1400;14/03/2001;Pets;1;Occianna, Mr. Christian
592;9145000;TY4600;1/05/2001;Toys;1;Occianna, Mr. Christian
593;9204000;PT1000;26/08/2000;Pets;2;Jones, Mr. Brainard
594;9204000;SP1100;6/04/2001;Sports;1;Jones, Mr. Brainard
595;9204000;SP2000;6/04/2001;Sports;1;Jones, Mr. Brainard
596;9204000;SP3200;6/04/2001;Sports;1;Jones, Mr. Brainard
597;9204000;TY3500;3/01/2001;Toys;1;Jones, Mr. Brainard
598;9270000;PT2000;15/01/2001;Pets;3;Washton, Ms. Monica
599;9270000;SP1000;10/11/2000;Sports;1;Washton, Ms. Monica
600;9270000;TY1950;18/04/2001;Toys;3;Washton, Ms. Monica
601;9372000;PT2300;23/09/2000;Pets;1;Jones, Mr. F. J.
602;9372000;PT3100;4/09/2000;Pets;1;Jones, Mr. F. J.
603;9372000;SP2200;12/08/2000;Sports;1;Jones, Mr. F. J.
604;9372000;SP2500;13/10/2000;Sports;1;Jones, Mr. F. J.
605;9372000;SP3200;12/08/2000;Sports;1;Jones, Mr. F. J.
606;9372000;SP3400;12/08/2000;Sports;1;Jones, Mr. F. J.
607;9395000;GD3100;11/09/2000;Gardening;1;Justice, Mr. Clinton
608;9395000;GD3300;11/09/2000;Gardening;1;Justice, Mr. Clinton
609;9395000;GD4100;11/09/2000;Gardening;1;Justice, Mr. Clinton
610;9395000;PT2100;27/01/2001;Pets;4;Justice, Mr. Clinton
611;9395000;SP2300;15/01/2001;Sports;1;Justice, Mr. Clinton
612;9520000;GD1200;27/09/2000;Gardening;2;Gall, Ms. Ann
613;9520000;PT2100;29/05/2001;Pets;1;Gall, Ms. Ann
614;9520000;SP1200;4/07/2000;Sports;2;Gall, Ms. Ann
615;9520000;SP1200;14/12/2000;Sports;1;Gall, Ms. Ann
616;9520000;SP2200;14/12/2000;Sports;1;Gall, Ms. Ann
617;9520000;TY4500;7/06/2001;Toys;2;Gall, Ms. Ann
618;9548000;PT1000;14/11/2000;Pets;1;Jones, Mr. Tyson
619;9548000;SP1400;16/12/2000;Sports;2;Jones, Mr. Tyson
620;9548000;SP2600;21/10/2000;Sports;1;Jones, Mr. Tyson
621;9548000;TY1900;7/01/2001;Toys;1;Jones, Mr. Tyson
622;9548000;TY3100;1/06/2001;Toys;3;Jones, Mr. Tyson
623;9548000;TY4400;1/06/2001;Toys;1;Jones, Mr. Tyson
624;9548000;TY5400;1/06/2001;Toys;1;Jones, Mr. Tyson
625;9645000;GD2400;8/09/2000;Gardening;1;King, Ms. Kathryn
626;9645000;PT1300;12/01/2001;Pets;1;King, Ms. Kathryn
627;9645000;PT1400;10/01/2001;Pets;2;King, Ms. Kathryn
628;9645000;PT3500;10/01/2001;Pets;;King, Ms. Kathryn
629;9645000;SP1000;17/10/2000;Sports;1;King, Ms. Kathryn
630;9645000;SP2000;2/08/2000;Sports;1;King, Ms. Kathryn
631;9645000;SP2300;8/02/2001;Sports;1;King, Ms. Kathryn
632;9645000;TY2300;29/04/2001;Toys;1;King, Ms. Kathryn
633;9687000;PT1300;21/02/2001;Pets;2;Jones, Mr. Carl
634;9687000;PT2100;15/01/2001;Pets;1;Jones, Mr. Carl
635;9687000;PT4600;3/08/2000;Pets;1;Jones, Mr. Carl
636;9687000;SP2000;20/11/2000;Sports;1;Jones, Mr. Carl
637;9687000;SP2300;15/09/2000;Sports;1;Jones, Mr. Carl
638;9687000;SP2400;8/07/2000;Sports;1;Jones, Mr. Carl
639;9687000;SP2400;28/08/2000;Sports;3;Jones, Mr. Carl
640;9687000;SP3200;20/11/2000;Sports;3;Jones, Mr. Carl
641;9687000;TY1300;12/05/2001;Toys;1;Jones, Mr. Carl
642;9744000;GD15OO;4/12/2000;Gardening;4;Jones, Mr. Dominick
643;9744000;PT1400;4/04/2001;Pets;1;Jones, Mr. Dominick
644;9744000;SP1600;23/08/2000;Sports;1;Jones, Mr. Dominick
645;9744000;SP1600;7/04/2001;Sports;1;Jones, Mr. Dominick
646;9744000;SP3000;9/11/2000;Sports;1;Jones, Mr. Dominick
647;9745000;GD2000;20/09/2000;Gardening;1;Jones, Ms. Cassandra
648;9745000;GD2400;20/09/2000;Gardening;3;Jones, Ms. Cassandra
649;9745000;GD3300;20/09/2000;Gardening;1;Jones, Ms. Cassandra
650;9745000;PT1300;30/01/2001;Pets;4;Jones, Ms. Cassandra
651;9745000;PT4600;4/02/2001;Pets;2;Jones, Ms. Cassandra
652;9770000;GD1400;22/10/2000;Gardening;3;Best, Mr. George
653;9770000;GD1600;22/10/2000;Gardening;1;Best, Mr. George
654;9770000;GD3000;22/10/2000;Gardening;1;Best, Mr. George
655;9770000;PT1100;18/10/2000;Pets;1;Best, Mr. George
656;9770000;PT1200;19/04/2001;Pets;4;Best, Mr. George
657;9770000;PT1400;18/10/2000;Pets;1;Best, Mr. George
658;9770000;SP2400;5/08/2001;Sports;4;Best, Mr. George
659;9770000;SP3100;10/03/2001;Sports;1;Best, Mr. George
660;9770000;TY5200;9/04/2001;Toys;1;Best, Mr. George
661;9895000;PT1000;10/09/2000;Pets;2;Mueller, Mr. Earl
662;9895000;PT2000;27/09/2000;Pets;1;Mueller, Mr. Earl
663;9895000;PT2200;25/04/2001;Pets;1;Mueller, Mr. Earl
664;9895000;PT3200;27/09/2000;Pets;1;Mueller, Mr. Earl
665;9895000;PT3500;27/09/2000;Pets;1;Mueller, Mr. Earl
666;9895000;SP2300;17/07/2001;Sports;1;Mueller, Mr. Earl
667;9895000;SP3100;15/08/2000;Sports;1;Mueller, Mr. Earl
668;9895000;TY1700;1/07/2001;Toys;1;Mueller, Mr. Earl
669;10020000;GD1600;26/01/2001;Gardening;1;Lee, Mr. Robert
670;10020000;GD3200;26/01/2001;Gardening;1;Lee, Mr. Robert
671;10020000;GD3400;9/12/2000;Gardening;3;Lee, Mr. Robert
672;10020000;GD4200;26/01/2001;Gardening;3;Lee, Mr. Robert
673;10020000;SP1000;2/08/2001;Sports;3;Lee, Mr. Robert
674;10020000;SP2400;9/04/2001;Sports;2;Lee, Mr. Robert
675;10145000;PT1100;2/11/2000;Pets;1;Lisson, Mr. Anthony
676;10145000;SP2000;30/07/2000;Sports;1;Lisson, Mr. Anthony
677;10201000;GD3000;21/07/2001;Gardening;1;Jones, Ms. Ella
678;10201000;GD3100;5/07/2001;Gardening;1;Jones, Ms. Ella
679;10201000;GD3200;21/07/2001;Gardening;1;Jones, Ms. Ella
680;10201000;GD4200;21/07/2001;Gardening;1;Jones, Ms. Ella
681;10201000;PT4500;9/07/2001;Pets;1;Jones, Ms. Ella
682;10201000;SP1000;19/12/2000;Sports;1;Jones, Ms. Ella
683;10201000;SP3200;19/09/2000;Sports;1;Jones, Ms. Ella
684;10201000;SP3200;1/08/2001;Sports;1;Jones, Ms. Ella
685;10201000;TY4600;17/12/2000;Toys;1;Jones, Ms. Ella
686;10270000;GD1500;18/09/2000;Gardening;1;Dexter, Mr. Pete
687;10270000;SP1300;2/10/2000;Sports;1;Dexter, Mr. Pete
688;10270000;TY1650;20/05/2001;Toys;1;Dexter, Mr. Pete
689;10270000;TY4500;30/01/2001;Toys;1;Dexter, Mr. Pete
690;10296000;GD3200;29/05/2001;Gardening;3;Jones, Mr. James
691;10296000;SP3400;21/06/2000;Sports;1;Jones, Mr. James
692;10395000;PT1200;24/06/2001;Pets;1;Claxton, Ms. Ella
693;10395000;PT4400;21/05/2001;Pets;1;Claxton, Ms. Ella
694;10395000;SP1400;10/03/2001;Sports;1;Claxton, Ms. Ella
695;10395000;SP2000;12/11/2000;Sports;1;Claxton, Ms. Ella
696;10395000;SP2600;10/03/2001;Sports;1;Claxton, Ms. Ella
697;10395000;SP2700;10/03/2001;Sports;1;Claxton, Ms. Ella
698;10395000;TY1200;10/06/2001;Toys;1;Claxton, Ms. Ella
699;10520000;PT3300;13/05/2001;Pets;1;Moore, Ms. Karla
700;10520000;SP1300;26/07/2000;Sports;1;Moore, Ms. Karla
701;10520000;SP3100;5/02/2001;Sports;1;Moore, Ms. Karla
702;10520000;SP3200;25/02/2001;Sports;1;Moore, Ms. Karla
703;10520000;TY2200;8/06/2001;Toys;1;Moore, Ms. Karla
704;10645000;SP2600;19/04/2001;Sports;4;Kurtz, Mr. Allen
705;10770000;GD1001;29/06/2001;Gardening;1;McDonald, Mr. Jim
706;10770000;GD1010;21/10/2000;Gardening;1;McDonald, Mr. Jim
707;10770000;GD1100;29/06/2001;Gardening;4;McDonald, Mr. Jim
708;10770000;GD2200;21/06/2000;Gardening;3;McDonald, Mr. Jim
709;10770000;GD2300;16/09/2000;Gardening;1;McDonald, Mr. Jim
710;10770000;GD3000;29/06/2001;Gardening;3;McDonald, Mr. Jim
711;10770000;GD4300;29/06/2001;Gardening;1;McDonald, Mr. Jim
712;10770000;PT1200;28/11/2000;Pets;3;McDonald, Mr. Jim
713;10770000;SP1300;21/04/2001;Sports;1;McDonald, Mr. Jim
714;10770000;TY1900;19/01/2001;Toys;1;McDonald, Mr. Jim
715;10770000;TY2100;6/04/2001;Toys;4;McDonald, Mr. Jim
716;10770000;TY2600;6/04/2001;Toys;1;McDonald, Mr. Jim
717;10770000;TY4300;6/04/2001;Toys;3;McDonald, Mr. Jim
718;10770000;TY4700;6/04/2001;Toys;3;McDonald, Mr. Jim
719;10895000;GD1300;8/03/2001;Gardening;1;Hogue, Mr. Robert
720;10895000;PT2100;21/06/2000;Pets;1;Hogue, Mr. Robert
721;10895000;PT2300;21/06/2000;Pets;1;Hogue, Mr. Robert
722;10895000;SP1000;23/12/2000;Sports;1;Hogue, Mr. Robert
723;10895000;TY1200;28/07/2000;Toys;1;Hogue, Mr. Robert
724;10895000;TY3300;11/05/2001;Toys;4;Hogue, Mr. Robert
725;10895000;TY4100;26/09/2000;Toys;1;Hogue, Mr. Robert
726;11020000;PT1300;21/02/2001;Pets;3;Gillespie, Mr. John
727;11020000;PT2100;4/08/2001;Pets;1;Gillespie, Mr. John
728;11020000;SP1500;9/03/2001;Sports;1;Gillespie, Mr. John
729;11020000;SP1600;9/03/2001;Sport;3;Gillespie, Mr. John
730;11020000;SP2700;9/03/2001;Sports;3;Gillespie, Mr. John
731;11020000;SP3000;9/03/2001;Sports;1;Gillespie, Mr. John
732;11020000;TY3600;26/05/2001;Toys;1;Gillespie, Mr. John
733;11145000;SP1100;22/11/2000;Sports;1;Smith, Ms. Rosemary
734;11145000;SP1400;1/02/2001;Sports;2;Smith, Ms. Rosemary
735;11145000;SP3300;12/09/2000;Sports;1;Smith, Ms. Rosemary
736;11145000;TY2400;4/01/2001;Toys;1;Smith, Ms. Rosemary
737;11260000;GD12));7/11/2000;Gardening;3;Jones, Mr. Nathan
738;11260000;SP2300;8/05/2001;Sports;1;Jones, Mr. Nathan
739;11260000;TY1100;15/09/2000;Toys;1;Jones, Mr. Nathan
740;11260000;TY1700;15/09/2000;Toys;1;Jones, Mr. Nathan
741;11260000;TY2500;15/09/2000;Toys;1;Jones, Mr. Nathan
742;11275000;GD3200;3/10/2000;Gardening;2;Wilkins, Mr. Bob
743;11275000;SP3200;25/09/2000;Sports;1;Wilkins, Mr. Bob
744;11328000;GD2200;17/08/2000;Gardening;1;Smith-Jones, Ms. Jan
745;11328000;GD4100;17/08/2000;Gardening;2;Smith-Jones, Ms. Jan
746;11328000;GD4300;17/08/2000;Gardening;1;Smith-Jones, Ms. Jan
747;11328000;PT1400;27/01/2001;Pets;1;Smith-Jones, Ms. Jan
748;11328000;SP2200;17/11/2000;Sports;1;Smith-Jones, Ms. Jan
749;11328000;TY2300;24/05/2001;Toys;1;Smith-Jones, Ms. Jan
750;11400000;GD3100;6/09/2000;Gardening;3;Houghton, Ms. Louise
751;11400000;SP1200;27/05/2001;Sports;1;Houghton, Ms. Louise
752;11400000;SP1400;27/05/2001;Sports;1;Houghton, Ms. Louise
753;11400000;SP1500;27/05/2001;Sports;1;Houghton, Ms. Louise
754;11400000;SP2000;27/05/2001;Sports;1;Houghton, Ms. Louise
755;11400000;SP2500;1/02/2001;Sports;3;Houghton, Ms. Louise
756;11525000;GD4000;8/09/2000;Gardening;1;Garner, Mr. Chris
757;11569000;PT1300;1/03/2001;Pets;3;James, Mr. Mike
758;11569000;SP2000;14/02/2001;Sports;1;James, Mr. Mike
759;11569000;TY2700;24/05/2001;Toys;1;James, Mr. Mike
760;11614000;GD4300;4/08/2000;Gardening;1;Cary, Dr. John D.
761;11614000;PT2400;18/02/2001;Pets;3;Cary, Dr. John D.
762;11614000;SP1300;4/05/2001;Sports;4;Cary, Dr. John D.
763;11614000;TY1650;21/10/2000;Toys;1;Cary, Dr. John D.
764;11614000;TY2100;21/10/2000;Toys;1;Cary, Dr. John D.
765;11614000;TY4700;21/10/2000;Toys;1;Cary, Dr. John D.
766;11614000;TY5300;21/10/2000;Toys;1;Cary, Dr. John D.
767;11615000;PT1000;16/06/2001;Pets;1;Dill, Mr. J. D.
768;11615000;SP2300;1/07/2001;Sports;1;Dill, Mr. J. D.
769;11615000;SP2600;29/09/2000;Sports;3;Dill, Mr. J. D.
770;11615000;TY3700;6/03/2001;Toys;1;Dill, Mr. J. D.
771;11615000;TY4200;18/11/2000;Toys;1;Dill, Mr. J. D.
772;11615000;TY4300;6/03/2001;Toys;3;Dill, Mr. J. D.
773;11615000;TY4700;6/03/2001;Toys;2;Dill, Mr. J. D.
774;11650000;PT2200;2/08/2000;Pets;3;Murphy, Ms. Wendy
775;11650000;SP1000;6/12/2000;Sports;1;Murphy, Ms. Wendy
776;11650000;SP1500;6/12/2000;Sports;1;Murphy, Ms. Wendy
777;11650000;SP2300;6/12/2000;Sports;1;Murphy, Ms. Wendy
778;11650000;SP2400;20/06/2000;Sports;;Murphy, Ms. Wendy
779;11650000;SP2700;6/12/2000;Sports;4;Murphy, Ms. Wendy
780;11650000;SP3300;13/02/2001;Sports;1;Murphy, Ms. Wendy
781;11650000;SP3300;6/07/2001;Sports;1;Murphy, Ms. Wendy
782;11650000;TY1750;24/04/2001;Toys;1;Murphy, Ms. Wendy
783;11650000;TY5400;20/09/2000;Toys;4;Murphy, Ms. Wendy
784;11775000;GD1600;18/02/2001;Gardening;1;Jones, Ms. D. Flowers
785;11775000;GD2100;22/02/2001;Gardening;;Jones, Ms. D. Flowers
786;11775000;GD2300;22/02/2001;Gardening;1;Jones, Ms. D. Flowers
787;11775000;GD4000;22/02/2001;Gardening;1;Jones, Ms. D. Flowers
788;11775000;PT2200;26/02/2001;Pets;1;Jones, Ms. D. Flowers
789;11775000;TY1950;21/03/2001;Toys;1;Jones, Ms. D. Flowers
790;11775000;TY2400;15/07/2001;Toys;1;Jones, Ms. D. Flowers
791;11775000;TY4800;21/03/2001;Toys;3;Jones, Ms. D. Flowers
792;11807000;GD2400;30/06/2001;Gardening;1;Jones, Mr. T. J.
793;11807000;GD3000;4/08/2000;Gardening;1;Jones, Mr. T. J.
794;11807000;PT1000;16/08/2000;Pets;1;Jones, Mr. T. J.
795;11807000;SP1500;6/06/2001;Sports;3;Jones, Mr. T. J.
796;11807000;SP2400;6/06/2001;Sports;4;Jones, Mr. T. J.
797;11807000;SP2500;13/01/2001;Sports;3;Jones, Mr. T. J.
798;11807000;SP2600;6/06/2001;Sports;1;Jones, Mr. T. J.
799;11807000;SP2700;6/06/2001;Sports;1;Jones, Mr. T. J.
800;11900000;PT1400;9/06/2001;Pets;1;Beltz, Ms. Charlene
801;11900000;SP1200;2/07/2001;Sports;3;Beltz, Ms. Charlene
802;11900000;SP1300;30/08/2000;Sports;1;Beltz, Ms. Charlene
803;11900000;SP1300;30/01/2001;Sports;1;Beltz, Ms. Charlene
804;11900000;SP1500;26/12/2000;Sports;1;Beltz, Ms. Charlene
805;11900000;SP3000;16/06/2001;Sports;1;Beltz, Ms. Charlene
806;11900000;SP3400;16/06/2001;Sports;1;Beltz, Ms. Charlene
807;12025000;SP2000;15/05/2001;Sports;3;Brown, Ms. Marie
808;12028000;PT2100;29/07/2001;Pets;4;Jones, Ms. Sue
809;12028000;PT2200;28/03/2001;Pets;1;Jones, Ms. Sue
810;12028000;SP1400;11/10/2000;Sports;1;Jones, Ms. Sue
811;12028000;TY3800;9/03/2001;Toys;2;Jones, Ms. Sue
812;12150000;GD1001;10/08/2000;Gardening;1;Lauder, Mr. Rocky
813;12150000;GD13OO;10/08/2000;Gardening;3;Lauder, Mr. Rocky
814;12150000;GD2300;10/08/2000;Gardening;3;Lauder, Mr. Rocky
815;12150000;GD2300;16/09/2000;Gardening;1;Lauder, Mr. Rocky
816;12150000;GD3100;10/08/2000;Gardening;4;Lauder, Mr. Rocky
817;12150000;PT4600;9/04/2001;Pets;1;Lauder, Mr. Rocky
818;12275000;GD4100;29/03/2001;Gardening;1;Schneider, Ms. Cynthia
819;12275000;PT3400;2/11/2000;Pets;1;Schneider, Ms. Cynthia
820;12275000;SP2700;21/02/2001;Sports;4;Schneider, Ms. Cynthia
821;12323000;PT1200;25/02/2001;Pets;3;Jones, Ms. Denise
822;12323000;PT1OOO;7/07/2000;Pets;4;Jones, Ms. Denise
823;12323000;SP1100;1/12/2000;Sports;1;Jones, Ms. Denise
824;12323000;SP1300;1/12/2000;Sports;1;Jones, Ms. Denise
825;12323000;SP2500;1/12/2000;Sports;4;Jones, Ms. Denise
826;12323000;TY2500;23/03/2001;Toys;1;Jones, Ms. Denise
827;12400000;PT2200;24/09/2000;Pets;1;Anderson, Ms. Violet
828;12400000;SP2000;2/04/2001;Sports;1;Anderson, Ms. Violet
829;12400000;TY1950;27/06/2001;Toys;4;Anderson, Ms. Violet
830;12400000;sp2000;5/09/2000;Sports;3;Anderson, Ms. Violet
831;12470000;PT3200;15/05/2001;Pets;2;Jenkins, Ms. P. S.
832;12470000;SP2300;18/04/2001;Sports;4;Jenkins, Ms. P. S.
833;12470000;TY5200;8/03/2001;Toys;3;Jenkins, Ms. P. S.
834;12525000;GD4200;14/07/2001;Gardening;3;McDonald, Ms. Kathy
835;12525000;GD4300;31/10/2000;Gardening;3;McDonald, Ms. Kathy
836;12525000;SP2300;18/11/2000;Sports;1;McDonald, Ms. Kathy
837;12525000;SP3200;10/05/2001;Sports;1;McDonald, Ms. Kathy
838;12525000;TY3800;31/03/2001;Toys;1;McDonald, Ms. Kathy
839;12544000;GD2400;10/07/2001;Gardening;2;Jones, Ms. Tracy
840;12544000;SP1200;12/11/2000;Sports;1;Jones, Ms. Tracy
841;12544000;TY5100;25/02/2001;Toys;2;Jones, Ms. Tracy
842;12544000;TY5200;25/02/2001;Toys;4;Jones, Ms. Tracy
843;12544000;gd3100;1/07/2001;Gardening;1;Jones, Ms. Tracy
844;12650000;PT1300;24/06/2001;Pets;1;Giargi, Ms. Michelle
845;12650000;SP1200;29/09/2000;Sports;1;Giargi, Ms. Michelle
846;12650000;TY1600;16/12/2000;Toys;1;Giargi, Ms. Michelle
847;12650000;TY1950;21/06/2000;Toys;3;Giargi, Ms. Michelle
848;12757000;GD101O;23/06/2001;Gardening;1;Dylan, Mr. Bob
849;12757000;SP1100;2/02/2001;Sports;2;Dylan, Mr. Bob
850;12757000;SP3000;2/02/2001;Sports;1;Dylan, Mr. Bob
851;12757000;SP3200;11/02/2001;Sports;1;Dylan, Mr. Bob
852;12775000;GD1400;5/07/2001;Gardening;1;McMurtry, Mr. James
853;12775000;SP2000;25/08/2000;Sports;1;McMurtry, Mr. James
854;12775000;SP3300;1/08/2001;Sports;3;McMurtry, Mr. James
855;12900000;SP1100;20/06/2000;Sports;1;Keith, Mr. B. K.
856;12900000;SP2600;25/10/2000;Sports;1;Keith, Mr. B. K.
857;12900000;TY1300;4/04/2001;Toys;1;Keith, Mr. B. K.
858;13025000;GD1600;26/10/2000;Gardening;1;Brown, Mr. Martin
859;13025000;PT1000;11/11/2000;Pets;2;Brown, Mr. Martin
860;13025000;PT2300;11/11/2000;Pets;1;Brown, Mr. Martin
861;13056000;GD1300;29/12/2000;Gardening;3;Jones, Mr. D. T.
862;13056000;GD1500;29/12/2000;Gardening;2;Jones, Mr. D. T.
863;13056000;GD3100;11/09/2000;Gardening;4;Jones, Mr. D. T.
864;13056000;GD3300;29/12/2000;Gardening;1;Jones, Mr. D. T.
865;13056000;GD4200;24/12/2000;Gardening;1;Jones, Mr. D. T.
866;13056000;TY1850;15/05/2001;Toys;1;Jones, Mr. D. T.
867;13056000;TY4600;24/11/2000;Toys;1;Jones, Mr. D. T.
868;13154000;PT2100;5/02/2001;Pets;1;Cale, Mr. John
869;13154000;SP1600;8/01/2001;Sports;1;Cale, Mr. John
870;13154000;TY1400;31/05/2001;Toys;1;Cale, Mr. John
871;13154000;TY1800;31/05/2001;Toys;1;Cale, Mr. John
872;13154000;TY2300;31/05/2001;Toys;1;Cale, Mr. John
873;13154000;TY2600;31/05/2001;Toys;1;Cale, Mr. John
874;13183000;GD2000;28/11/2000;Gardening;1;Jones, Mr. Brain
875;13183000;GD2100;22/07/2001;Gardening;4;Jones, Mr. Brain
876;13183000;GD4100;10/07/2001;Gardening;4;Jones, Mr. Brain
877;13183000;PT4600;20/05/2001;Pets;1;Jones, Mr. Brain
878;13183000;SP1100;2/04/2001;Sports;1;Jones, Mr. Brain
879;13183000;SP1400;2/04/2001;Sports;1;Jones, Mr. Brain
880;13183000;SP3300;2/04/2001;Sports;4;Jones, Mr. Brain
881;13183000;SP3400;17/04/2001;Sports;3;Jones, Mr. Brain
882;13183000;TY3400;3/03/2001;Toys;1;Jones, Mr. Brain
883;13183000;TY4800;6/06/2001;Toys;2;Jones, Mr. Brain
884;13183000;gd3200;12/07/2000;Gardening;4;Jones, Mr. Brain
885;13279000;PT1400;29/08/2000;Pets;2;Parker, Mr. Sam
886;13279000;PT2400;25/04/2001;Pets;1;Parker, Mr. Sam
887;13279000;SP1200;3/04/2001;Sports;4;Parker, Mr. Sam
888;13279000;SP2200;3/04/2001;Sports;1;Parker, Mr. Sam
889;13279000;SP3000;3/04/2001;Sports;1;Parker, Mr. Sam
890;13279000;TY1500;21/02/2001;Toys;1;Parker, Mr. Sam
891;13279000;TY1800;21/02/2001;Toys;1;Parker, Mr. Sam
892;13279000;TY4800;21/02/2001;Toys;1;Parker, Mr. Sam
893;13405000;GD1300;11/09/2000;Gardening;3;Britton, Ms. Tabitha
894;13405000;GD2200;11/09/2000;Gardening;1;Britton, Ms. Tabitha
895;13405000;GD3400;11/09/2000;Gardening;2;Britton, Ms. Tabitha
896;13405000;GD4000;11/09/2000;Gardening;1;Britton, Ms. Tabitha
897;13405000;GD4200;22/01/2001;Gardening;1;Britton, Ms. Tabitha
898;13405000;PT1300;28/03/2001;Pets;1;Britton, Ms. Tabitha
899;13405000;PT1300;6/07/2001;Pets;1;Britton, Ms. Tabitha
900;13405000;PT1400;24/05/2001;Pets;3;Britton, Ms. Tabitha
901;13405000;SP1300;28/02/2001;Sports;1;Britton, Ms. Tabitha
902;13405000;TY1600;25/09/2000;Toys;1;Britton, Ms. Tabitha
903;13476000;GD3000;9/12/2000;Gardening;1;Backus, Ms. Marge
904;13476000;PT1200;12/12/2000;Pets;2;Backus, Ms. Marge
905;13476000;PT1200;25/07/2001;Pets;1;Backus, Ms. Marge
906;13476000;PT1400;25/07/2001;Pets;1;Backus, Ms. Marge
907;13476000;SP1400;21/02/2001;Sports;2;Backus, Ms. Marge
908;13476000;SP2000;21/02/2001;Sports;1;Backus, Ms. Marge
909;13476000;SP2600;21/02/2001;Sports;1;Backus, Ms. Marge
910;13476000;TY2700;27/02/2001;Toys;1;Backus, Ms. Marge
911;13532000;GD4100;14/09/2000;Gardening;1;Best, Mr. C. L.
912;13532000;SP2000;11/01/2001;Sports;1;Best, Mr. C. L.
913;13532000;SP2500;6/07/2000;Sports;1;Best, Mr. C. L.
914;13532000;SP3000;11/01/2001;Sports;1;Best, Mr. C. L.
915;13532000;SP3100;11/01/2001;Sports;3;Best, Mr. C. L.
916;13532000;TY1200;27/02/2001;Toys;1;Best, Mr. C. L.
917;13532000;TY1650;27/02/2001;Toys;3;Best, Mr. C. L.
918;13532000;TY16OO;27/02/2001;Toys;1;Best, Mr. C. L.
919;13664000;GD2400;24/12/2000;Gardening;1;Chen, Ms. Helena
920;13664000;SP2400;20/06/2001;Sports;1;Chen, Ms. Helena
921;13664000;SP3200;13/08/2000;Sports;1;Chen, Ms. Helena
922;13664000;TY1900;1/08/2001;Toys;1;Chen, Ms. Helena
923;13664000;TY3300;16/01/2001;Toys;1;Chen, Ms. Helena
924;13664000;TY4400;9/11/2000;Toys;4;Chen, Ms. Helena
925;13682000;GD1300;9/12/2000;Gardening;1;Reed, Mr. Lou
926;13682000;GD1500;12/02/2001;Gardening;4;Reed, Mr. Lou
927;13682000;SP1000;19/07/2001;Sports;1;Reed, Mr. Lou
928;13682000;SP3200;18/03/2001;Sports;4;Reed, Mr. Lou
929;13682000;TY1200;9/11/2000;Toys;3;Reed, Mr. Lou
930;13682000;TY1750;11/04/2001;Toys;1;Reed, Mr. Lou
931;13682000;TY2700;9/11/2000;Toys;1;Reed, Mr. Lou
932;13682000;TY3600;9/11/2000;Toys;1;Reed, Mr. Lou
933;13682000;TY4300;9/11/2000;Toys;1;Reed, Mr. Lou
934;13782000;GD11OO;2/12/2000;Gardening;4;Jones, Ms. Dorothy
935;13782000;SP1500;14/03/2001;Sports;1;Jones, Ms. Dorothy
936;13782000;SP2200;21/08/2000;Sports;1;Jones, Ms. Dorothy
937;13782000;SP2700;30/09/2000;Sports;1;Jones, Ms. Dorothy
938;13782000;SP3300;21/08/2000;Sports;1;Jones, Ms. Dorothy
939;13789000;PT1000;6/02/2001;Pets;1;Roth, Mr. Tim
940;13789000;PT2100;6/02/2001;Pets;1;Roth, Mr. Tim
941;13789000;PT2200;10/12/2000;Pets;1;Roth, Mr. Tim
942;13789000;SP2600;27/12/2000;Sports;1;Roth, Mr. Tim
943;13789000;TY4800;18/04/2001;Toys;4;Roth, Mr. Tim
